{
  "stage1": {
    "train_loss": [
      0.02310387204421491,
      0.006383932719233455,
      0.00881248093504071,
      0.007263531221413264,
      0.006307688762813325,
      0.004529634460877069,
      0.005171887292039844,
      0.003615253631114444,
      0.004176896354836476,
      0.0024018082718660146,
      0.001808515458327819,
      0.0019100146679824391,
      0.0008043637752854537,
      0.002236264015782521,
      0.001802069985158919
    ],
    "train_acc": [
      98.39638157894737,
      99.71217105263158,
      99.4654605263158,
      99.67105263157895,
      99.79440789473684,
      99.79440789473684,
      99.7532894736842,
      99.7532894736842,
      99.71217105263158,
      99.87664473684211,
      99.91776315789474,
      99.87664473684211,
      99.95888157894737,
      99.83552631578948,
      99.87664473684211
    ],
    "val_loss": [
      0.0004980355327511966,
      0.0010080674260599233,
      0.0004825762020917384,
      0.0005476754605903503,
      0.0003279586187798284,
      0.0005250280285622466,
      0.0004776059408742286,
      0.0007920175822980645,
      0.00014840129531358393,
      0.00197289096786335,
      0.000800141909940698,
      0.0004582042060909459,
      0.0017307039513095252,
      6.334872367435512e-05,
      0.00020920893404744825
    ],
    "val_acc": [
      100.0,
      99.8220640569395,
      99.8220640569395,
      99.8220640569395,
      100.0,
      99.8220640569395,
      99.8220640569395,
      99.8220640569395,
      100.0,
      99.8220640569395,
      99.8220640569395,
      99.8220640569395,
      99.8220640569395,
      100.0,
      100.0
    ],
    "val_log_loss": [
      0.06091724708689798,
      0.0450958606090499,
      0.031218472512636472,
      0.030416701630362978,
      0.03055968181767499,
      0.022888683259736087,
      0.026157675843844836,
      0.039120850938939265,
      0.023471662774477656,
      0.022186022009418424,
      0.023685702809081555,
      0.02397217176502523,
      0.013392538859454881,
      0.014915316665314699,
      0.03378822952586996
    ]
  },
  "stage2": {
    "train_loss": [
      0.002175020175452633,
      0.0008755974651774666,
      0.0009747909284048941,
      0.000865913519839679,
      0.001177814741649136,
      0.0013782784293829608,
      0.0007006376532881644,
      0.0007808136242736533,
      0.0006752487282598526
    ],
    "train_acc": [
      99.87664473684211,
      99.91776315789474,
      99.87664473684211,
      99.91776315789474,
      99.91776315789474,
      99.87664473684211,
      99.95888157894737,
      99.91776315789474,
      99.91776315789474
    ],
    "val_loss": [
      8.946842941368358e-05,
      0.0002830456509646713,
      0.000506577958589105,
      7.461062265040002e-05,
      0.00024161530041055812,
      0.00033113945137428245,
      0.00028080641881760785,
      0.0001704916346325389,
      0.00013068788025647236
    ],
    "val_acc": [
      100.0,
      100.0,
      99.8220640569395,
      100.0,
      100.0,
      99.8220640569395,
      100.0,
      100.0,
      100.0
    ],
    "val_log_loss": [
      0.015174767917619026,
      0.012948307056295863,
      0.015919042353721324,
      0.013368698990841844,
      0.020795761062668006,
      0.015184397027847397,
      0.013388063811978202,
      0.013189227642688265,
      0.011666056569146377
    ]
  }
}